{"mIOU": {"struct_rebar_faulty": 0.37925560110145146, "living_faulty": 0.48641375759068656, "window_faulty": 0.44831794846889583, "struct_crack_faulty": 0.3999485911594497}, "mAP": {"struct_rebar_faulty": 0.0014992503748125937, "struct_crack_faulty": 0.05362617012617013, "living_faulty": 0.03224590869939707, "window_faulty": 0.23852657004830916}, "meanAcc": {"struct_rebar_faulty": 0.0014992503748125937, "struct_crack_faulty": 0.015, "living_faulty": 0.021963824289405683, "window_faulty": 0.15579710144927536}}