{"mIOU": {"ground_faulty": 0.4904666697286596, "finish_faulty": 0.511854593030044, "struct_crack_faulty": 0.40256885105655305, "window_faulty": 0.43999611687513046, "struct_crack_normal": 0.4531122297048569, "struct_peel_faulty": 0.3220718055963516, "window_normal": 0.399131640791893}, "mAP": {"ground_faulty": 0.4192078952793239, "finish_faulty": 0.7486338797814207, "struct_peel_faulty": 0.0003408316291751874, "struct_crack_faulty": 0.05382238644058892, "window_normal": 0.034188034188034185, "window_faulty": 0.17972883597883596, "struct_peel_normal": 0.0, "struct_crack_normal": 0.008547008547008546}, "meanAcc": {"ground_faulty": 0.36734693877551017, "finish_faulty": 0.7650273224043715, "struct_peel_faulty": 0.00032289312237649337, "struct_crack_faulty": 0.012612612612612614, "window_normal": 0.01282051282051282, "window_faulty": 0.13043478260869565, "struct_peel_normal": 0.0, "struct_crack_normal": 0.008547008547008546}}